{"accuracy": 0.62, "f1": 0.4722222222222222, "precision": 0.6538461538461539, "recall": 0.3695652173913043, "confusion_matrix": [{"Predicted Negative": 45, "Predicted Positive": 9}, {"Predicted Negative": 29, "Predicted Positive": 17}]}